algoritmo,cenario,tamanho,repeticoes,tempo_medio_seg,comparacoes_medias,trocas_medias,movimentacoes_medias
Comb Sort,ordenado,200,200,0.00016747047985518293,2567,0,0
Merge Sort Natural,ordenado,200,200,2.0857775080003194e-05,199,0,400
Comb Sort,inverso,200,200,0.00021940309003184666,2766,264,792
Merge Sort Natural,inverso,200,200,0.0003123817700179643,931,0,1976
Comb Sort,aleatorio,200,200,0.00033277458006523373,3253.55,653.735,1961.205
Merge Sort Natural,aleatorio,200,200,0.00037997828999323244,1411.305,0,1770.78
